Timestamp,S0_V,S0_PPM,S1_V,S1_PPM,S2_V,S2_PPM
2026-03-21 21:27:34,0.37,240.7,0.36,157.87,0.38,190.53
2026-03-21 21:37:34,0.34,226.98,0.38,185.58,0.39,184.78
2026-03-21 21:47:34,0.38,184.67,0.36,209.58,0.39,214.38
2026-03-21 21:57:34,0.34,240.61,0.34,193.55,0.39,220.37
2026-03-21 22:07:34,0.35,239.97,0.37,212.02,0.39,182.44
2026-03-21 22:17:34,0.35,206.01,0.36,195.92,0.38,234.91
2026-03-21 22:27:34,0.38,248.37,0.39,180.69,0.35,199.78
2026-03-21 22:37:34,0.34,231.03,0.34,181.82,0.38,166.6
2026-03-21 22:47:34,0.35,190.48,0.36,189.53,0.34,218.97
2026-03-21 22:57:34,0.34,210.23,0.37,241.85,0.34,157.02
2026-03-21 23:07:34,0.36,204.39,0.37,230.33,0.38,222.05
2026-03-21 23:17:34,0.34,177.48,0.38,214.79,0.34,217.64
2026-03-21 23:27:34,0.34,189.22,0.39,196.13,0.37,153.31
2026-03-21 23:37:34,0.35,182.17,0.34,173.61,0.39,212.2
2026-03-21 23:47:34,0.37,159.2,0.34,160.92,0.38,205.16
2026-03-21 23:57:34,0.37,202.17,0.39,190.78,0.35,173.84
2026-03-22 00:07:34,0.39,158.34,0.38,198.99,0.35,197.21
2026-03-22 00:17:34,0.38,186.86,0.38,245.23,0.37,193.08
2026-03-22 00:27:34,0.38,210.73,0.38,219.12,0.38,245.36
2026-03-22 00:37:34,0.38,220.03,0.37,171.9,0.38,182.19
2026-03-22 00:47:34,0.38,167.96,0.39,162.85,0.33,180.23
2026-03-22 00:57:34,0.35,197.89,0.36,209.82,0.33,204.47
2026-03-22 01:07:34,0.36,211.04,0.36,169.03,0.35,198.23
2026-03-22 01:17:34,0.35,215.27,0.34,203.86,0.34,171.77
2026-03-22 01:27:34,0.35,240.72,0.38,226.53,0.39,169.31
2026-03-22 01:37:34,0.38,162.86,0.38,167.2,0.35,233.36
2026-03-22 01:47:34,0.37,188.54,0.33,232.89,0.34,246.62
2026-03-22 01:57:34,0.37,235.53,0.35,181.17,0.36,206.83
2026-03-22 02:07:34,0.35,236.08,0.38,224.42,0.37,217.54
2026-03-22 02:17:34,0.37,154.39,0.35,230.92,0.34,229.99
2026-03-22 02:27:34,0.35,155.66,0.39,163.67,0.36,207.1
2026-03-22 02:37:34,0.36,240.88,0.35,182.19,0.39,213.5
2026-03-22 02:47:34,0.37,218.1,0.35,150.84,0.36,154.87
2026-03-22 02:57:34,0.37,249.06,0.36,164.82,0.38,231.84
2026-03-22 03:07:34,0.36,193.46,0.38,230.88,0.37,180.16
2026-03-22 03:17:34,0.4,244.11,0.35,204.18,0.37,169.66
2026-03-22 03:27:34,0.35,196.27,0.37,183.84,0.39,199.68
2026-03-22 03:37:34,0.35,208.96,0.36,222.24,0.38,221.64
2026-03-22 03:47:34,0.37,197.66,0.38,238.66,0.37,235.6
2026-03-22 03:57:34,0.35,183.9,0.38,206.58,0.36,249.54
2026-03-22 04:07:34,0.39,222.71,0.36,236.34,0.36,153.64
2026-03-22 04:17:34,0.39,194.03,0.37,235.39,0.39,156.28
2026-03-22 04:27:34,0.38,162.57,0.41,232.36,0.4,199.79
2026-03-22 04:37:34,0.37,168.58,0.41,245.28,0.4,157.75
2026-03-22 04:47:34,0.4,161.22,0.38,188.51,0.39,238.0
2026-03-22 04:57:34,0.38,168.52,0.36,166.64,0.36,182.62
2026-03-22 05:07:34,0.4,174.11,0.39,248.12,0.41,224.46
2026-03-22 05:17:34,0.37,189.91,0.38,186.15,0.37,215.86
2026-03-22 05:27:34,0.41,212.28,0.36,213.16,0.4,212.82
2026-03-22 05:37:34,0.41,230.42,0.41,164.16,0.38,173.44
2026-03-22 05:47:34,0.41,152.43,0.39,236.52,0.39,159.33
2026-03-22 05:57:34,0.42,200.83,0.4,173.69,0.4,251.17
2026-03-22 06:07:34,0.42,237.84,0.42,194.48,0.42,251.19
2026-03-22 06:17:34,0.39,245.11,0.42,248.43,0.39,246.45
2026-03-22 06:27:34,0.38,183.76,0.43,237.36,0.41,153.88
2026-03-22 06:37:34,0.4,180.82,0.41,250.21,0.38,163.14
2026-03-22 06:47:34,0.41,175.93,0.39,160.02,0.42,218.44
2026-03-22 06:57:34,0.4,250.63,0.39,206.88,0.4,206.58
2026-03-22 07:07:34,0.39,172.3,0.39,249.35,0.38,232.66
2026-03-22 07:17:34,0.43,171.13,0.39,168.92,0.4,211.59
2026-03-22 07:27:34,0.44,157.86,0.41,156.3,0.43,160.07
2026-03-22 07:37:34,0.42,168.34,0.42,217.7,0.39,193.31
2026-03-22 07:47:34,0.41,190.27,0.41,154.41,0.39,234.33
2026-03-22 07:57:34,0.42,152.58,0.44,250.18,0.41,246.84
2026-03-22 08:07:34,0.42,191.46,0.43,224.13,0.4,195.78
2026-03-22 08:17:34,0.41,220.69,0.4,207.08,0.45,230.52
2026-03-22 08:27:34,0.4,231.6,0.44,184.51,0.43,169.97
2026-03-22 08:37:34,0.45,196.89,0.41,214.77,0.43,207.75
2026-03-22 08:47:34,0.43,241.48,0.4,236.39,0.43,248.28
2026-03-22 08:57:34,0.41,174.89,0.4,155.07,0.41,197.89
2026-03-22 09:07:34,0.4,187.04,0.43,172.59,0.44,186.56
2026-03-22 09:17:34,0.43,242.61,0.44,163.14,0.43,185.15
2026-03-22 09:27:34,0.42,170.28,0.41,238.85,0.45,228.99
2026-03-22 09:37:34,0.45,190.32,0.46,159.75,0.45,224.77
2026-03-22 09:47:34,0.41,246.61,0.46,233.62,0.41,228.89
2026-03-22 09:57:34,0.42,184.96,0.41,161.96,0.44,160.8
2026-03-22 10:07:34,0.45,161.84,0.43,163.45,0.44,240.16
2026-03-22 10:17:34,0.46,224.48,0.46,166.94,0.45,203.18
2026-03-22 10:27:34,0.43,198.1,0.46,229.71,0.44,246.93
2026-03-22 10:37:34,0.45,214.23,0.47,221.44,0.45,200.67
2026-03-22 10:47:34,0.41,251.79,0.43,208.25,0.43,172.36
2026-03-22 10:57:34,0.41,238.82,0.46,248.79,0.46,172.87
2026-03-22 11:07:34,0.43,209.82,0.43,213.07,0.42,215.28
2026-03-22 11:17:34,0.44,169.86,0.42,224.0,0.44,186.66
2026-03-22 11:27:34,0.46,225.49,0.46,200.61,0.44,243.2
2026-03-22 11:37:34,0.41,223.15,0.43,242.97,0.47,168.63
2026-03-22 11:47:34,0.43,175.08,0.44,242.94,0.47,201.39
2026-03-22 11:57:34,0.41,251.98,0.46,185.16,0.43,222.95
2026-03-22 12:07:34,0.45,213.61,0.46,227.04,0.46,174.47
2026-03-22 12:17:34,0.45,159.3,0.43,206.29,0.44,180.38
2026-03-22 12:27:34,0.47,234.41,0.43,204.38,0.44,230.34
2026-03-22 12:37:34,0.45,248.09,0.42,214.55,0.42,219.19
2026-03-22 12:47:34,0.43,202.38,0.42,200.87,0.47,204.45
2026-03-22 12:57:34,0.47,198.71,0.43,212.38,0.44,230.66
2026-03-22 13:07:34,0.46,249.51,0.44,218.89,0.44,254.11
2026-03-22 13:17:34,0.46,255.7,0.45,174.33,0.47,186.42
2026-03-22 13:27:34,0.42,216.93,0.46,210.89,0.45,191.27
2026-03-22 13:37:34,0.42,250.59,0.43,200.04,0.46,229.13
2026-03-22 13:47:34,0.45,159.59,0.46,214.48,0.44,206.62
2026-03-22 13:57:34,0.46,177.54,0.47,223.33,0.47,180.59
2026-03-22 14:07:34,0.47,231.3,0.47,177.66,0.41,253.16
2026-03-22 14:17:34,0.43,167.41,0.44,181.47,0.45,179.83
2026-03-22 14:27:34,0.43,208.0,0.43,191.96,0.47,240.21
2026-03-22 14:37:34,0.43,181.31,0.45,161.46,0.47,179.41
2026-03-22 14:47:34,0.47,238.81,0.45,184.89,0.45,192.61
2026-03-22 14:57:34,0.43,244.15,0.43,226.68,0.46,190.26
2026-03-22 15:07:34,0.46,236.52,0.46,205.95,0.44,252.08
2026-03-22 15:17:34,0.43,253.52,0.41,254.2,0.43,189.91
2026-03-22 15:27:34,0.43,191.73,0.47,177.56,0.41,182.03
2026-03-22 15:37:34,0.45,204.51,0.45,246.13,0.42,191.11
2026-03-22 15:47:34,0.41,166.86,0.44,209.37,0.43,194.93
2026-03-22 15:57:34,0.45,193.91,0.45,197.44,0.41,243.53
2026-03-22 16:07:34,0.43,202.76,0.44,241.95,0.45,223.23
2026-03-22 16:17:34,0.43,173.07,0.4,246.3,0.42,194.91
2026-03-22 16:27:34,0.42,253.13,0.44,185.98,0.43,250.59
2026-03-22 16:37:34,0.41,247.69,0.44,195.93,0.4,237.43
2026-03-22 16:47:34,0.45,202.57,0.41,240.83,0.44,195.31
2026-03-22 16:57:34,0.42,236.6,0.42,193.31,0.41,207.79
2026-03-22 17:07:34,0.4,188.78,0.45,226.59,0.41,211.41
2026-03-22 17:17:34,0.44,198.4,0.4,171.19,0.42,239.55
2026-03-22 17:27:34,0.44,222.42,0.42,176.82,0.45,183.62
2026-03-22 17:37:34,0.44,214.86,0.41,195.63,0.44,210.84
2026-03-22 17:47:34,0.45,201.69,0.4,246.73,0.44,217.22
2026-03-22 17:57:34,0.41,256.22,0.45,192.82,0.4,182.18
2026-03-22 18:07:34,0.4,217.01,0.43,264.19,0.44,192.83
2026-03-22 18:17:34,0.43,195.17,0.39,172.38,0.43,253.33
2026-03-22 18:27:34,0.44,189.11,0.43,222.63,0.4,192.61
2026-03-22 18:37:34,0.43,238.54,0.4,209.79,0.43,188.17
2026-03-22 18:47:34,0.43,228.09,0.43,269.02,0.44,227.42
2026-03-22 18:57:34,0.43,230.87,0.41,175.76,0.4,244.7
2026-03-22 19:07:34,0.38,190.91,0.39,186.42,0.38,265.46
2026-03-22 19:17:34,0.42,232.62,0.39,204.68,0.42,201.29
2026-03-22 19:27:34,0.43,226.8,0.42,184.45,0.4,233.63
2026-03-22 19:37:34,0.43,217.61,0.42,202.94,0.4,177.85
2026-03-22 19:47:34,0.42,204.8,0.39,186.74,0.43,265.77
2026-03-22 19:57:34,0.41,270.06,0.39,222.92,0.42,233.66
2026-03-22 20:07:34,0.41,184.44,0.39,254.86,0.41,235.17
2026-03-22 20:17:34,0.37,211.3,0.4,204.23,0.38,252.47
2026-03-22 20:27:34,0.37,184.96,0.39,252.08,0.39,254.0
2026-03-22 20:37:34,0.42,250.54,0.4,176.89,0.4,229.87
2026-03-22 20:47:34,0.39,178.0,0.42,238.09,0.38,263.74
2026-03-22 20:57:34,0.38,251.62,0.41,223.45,0.41,244.71
2026-03-22 21:07:34,0.37,256.07,0.4,185.96,0.4,186.87
2026-03-22 21:17:34,0.42,235.53,0.37,216.85,0.41,245.53
2026-03-22 21:27:34,0.36,238.51,0.38,197.28,0.36,274.83
2026-03-22 21:37:34,0.36,214.77,0.41,256.5,0.36,238.98
2026-03-22 21:47:34,0.4,202.59,0.37,200.19,0.4,233.87
2026-03-22 21:57:34,0.39,246.62,0.41,271.68,0.36,262.07
2026-03-22 22:07:34,0.39,224.79,0.41,221.86,0.38,194.3
2026-03-22 22:17:34,0.41,196.16,0.36,236.65,0.38,242.2
2026-03-22 22:27:34,0.39,278.73,0.36,251.0,0.36,265.52
2026-03-22 22:37:34,0.38,195.44,0.38,205.07,0.39,257.28
2026-03-22 22:47:34,0.37,188.33,0.37,264.9,0.41,218.71
2026-03-22 22:57:34,0.39,218.27,0.4,250.61,0.38,256.48
2026-03-22 23:07:34,0.39,237.09,0.37,186.91,0.41,207.8
2026-03-22 23:17:34,0.4,207.82,0.36,226.24,0.38,249.26
2026-03-22 23:27:34,0.38,245.68,0.36,279.0,0.37,246.44
2026-03-22 23:37:34,0.38,241.73,0.35,196.57,0.36,211.44
2026-03-22 23:47:34,0.39,274.23,0.36,211.87,0.39,218.82
2026-03-22 23:57:34,0.37,282.65,0.39,251.51,0.37,230.71
2026-03-23 00:07:34,0.35,224.82,0.35,202.86,0.4,276.48
2026-03-23 00:17:34,0.38,243.86,0.4,264.83,0.39,193.4
2026-03-23 00:27:34,0.4,227.19,0.37,244.46,0.4,256.79
2026-03-23 00:37:34,0.41,214.45,0.37,224.54,0.41,227.83
2026-03-23 00:47:34,0.37,211.91,0.39,271.02,0.39,278.94
2026-03-23 00:57:34,0.4,220.28,0.36,237.84,0.38,224.09
2026-03-23 01:07:34,0.37,196.1,0.4,234.62,0.36,210.85
2026-03-23 01:17:34,0.36,294.37,0.38,200.71,0.39,284.49
2026-03-23 01:27:34,0.4,238.95,0.37,280.49,0.38,258.63
2026-03-23 01:37:34,0.37,270.61,0.4,259.13,0.41,241.74
2026-03-23 01:47:34,0.39,275.48,0.36,219.88,0.37,218.15
2026-03-23 01:57:34,0.36,267.71,0.42,283.56,0.38,244.72
2026-03-23 02:07:34,0.4,212.97,0.39,200.71,0.39,273.54
2026-03-23 02:17:34,0.41,292.46,0.39,284.79,0.39,250.05
2026-03-23 02:27:34,0.38,206.34,0.4,242.91,0.4,201.3
2026-03-23 02:37:34,0.37,227.54,0.4,216.45,0.4,296.82
2026-03-23 02:47:34,0.37,301.81,0.37,296.08,0.39,229.92
2026-03-23 02:57:34,0.37,293.07,0.37,250.91,0.4,294.36
2026-03-23 03:07:34,0.43,271.12,0.42,204.96,0.4,276.26
2026-03-23 03:17:34,0.37,280.83,0.4,261.72,0.38,262.61
2026-03-23 03:27:34,0.41,287.96,0.38,274.44,0.39,216.91
2026-03-23 03:37:34,0.42,254.43,0.43,300.33,0.42,304.51
2026-03-23 03:47:34,0.37,224.5,0.42,245.54,0.38,215.22
2026-03-23 03:57:34,0.4,261.52,0.4,265.36,0.42,212.67
2026-03-23 04:07:34,0.42,241.14,0.43,304.44,0.41,257.96
2026-03-23 04:17:34,0.43,308.72,0.39,234.83,0.4,237.48
2026-03-23 04:27:34,0.39,255.24,0.39,217.97,0.41,246.77
2026-03-23 04:37:34,0.41,217.73,0.43,304.5,0.42,215.97
2026-03-23 04:47:34,0.41,290.3,0.42,224.41,0.4,299.96
2026-03-23 04:57:34,0.4,313.1,0.41,277.92,0.41,240.28
2026-03-23 05:07:34,0.41,266.29,0.39,280.5,0.45,298.29
2026-03-23 05:17:34,0.44,243.38,0.41,244.75,0.4,240.26
2026-03-23 05:27:34,0.39,271.01,0.4,292.13,0.43,271.03
2026-03-23 05:37:34,0.44,284.33,0.41,316.41,0.44,227.0
2026-03-23 05:47:34,0.41,289.4,0.41,247.38,0.42,253.85
2026-03-23 05:57:34,0.43,290.77,0.45,231.21,0.42,226.95
2026-03-23 06:07:34,0.45,264.08,0.45,279.76,0.43,289.17
2026-03-23 06:17:34,0.43,231.94,0.42,315.76,0.45,316.21
2026-03-23 06:27:34,0.45,300.52,0.42,305.57,0.46,259.16
2026-03-23 06:37:34,0.41,292.04,0.44,249.48,0.45,227.02
2026-03-23 06:47:34,0.46,312.49,0.42,230.78,0.41,314.67
2026-03-23 06:57:34,0.45,321.48,0.41,296.58,0.43,303.07
2026-03-23 07:07:34,0.43,242.39,0.43,242.37,0.43,246.09
2026-03-23 07:17:34,0.45,235.26,0.46,268.16,0.47,291.45
2026-03-23 07:27:34,0.46,244.8,0.48,231.33,0.43,286.48
2026-03-23 07:37:34,0.48,305.57,0.47,236.87,0.47,234.01
2026-03-23 07:47:34,0.47,308.33,0.44,245.2,0.48,250.4
2026-03-23 07:57:34,0.47,252.51,0.48,300.81,0.48,251.4
2026-03-23 08:07:34,0.45,273.5,0.45,257.33,0.44,334.69
2026-03-23 08:17:34,0.45,285.56,0.45,310.47,0.46,304.04
2026-03-23 08:27:34,0.45,250.83,0.48,287.96,0.49,298.28
2026-03-23 08:37:34,0.47,254.97,0.46,307.9,0.47,265.14
2026-03-23 08:47:34,0.45,296.58,0.47,331.26,0.47,310.17
2026-03-23 08:57:34,0.49,260.79,0.45,295.26,0.45,340.54
2026-03-23 09:07:34,0.45,335.83,0.45,283.84,0.45,321.22
2026-03-23 09:17:34,0.5,342.53,0.45,335.88,0.48,296.96
2026-03-23 09:27:34,0.46,316.62,0.45,336.68,0.45,333.16
2026-03-23 09:37:34,0.48,260.85,0.47,346.81,0.48,264.82
2026-03-23 09:47:34,0.47,316.78,0.48,323.37,0.5,281.41
2026-03-23 09:57:34,0.45,304.79,0.46,285.85,0.47,264.8
2026-03-23 10:07:34,0.5,344.22,0.49,278.73,0.46,275.46
2026-03-23 10:17:34,0.49,318.63,0.46,291.96,0.47,281.87
2026-03-23 10:27:34,0.48,344.58,0.46,298.38,0.46,284.04
2026-03-23 10:37:34,0.48,332.58,0.49,307.31,0.5,340.95
2026-03-23 10:47:34,0.51,277.6,0.48,322.9,0.46,275.09
2026-03-23 10:57:34,0.46,327.57,0.5,293.31,0.48,312.77
2026-03-23 11:07:34,0.48,358.7,0.51,295.46,0.47,277.56
2026-03-23 11:17:34,0.48,279.35,0.49,307.69,0.48,265.1
2026-03-23 11:27:34,0.5,282.88,0.48,278.1,0.48,328.3
2026-03-23 11:37:34,0.5,315.21,0.51,302.53,0.5,310.04
2026-03-23 11:47:34,0.47,334.74,0.52,285.86,0.51,283.92
2026-03-23 11:57:34,0.51,269.99,0.52,359.4,0.51,300.62
2026-03-23 12:07:34,0.48,346.62,0.49,320.5,0.52,308.72
2026-03-23 12:17:34,0.52,279.34,0.5,356.54,0.51,345.92
2026-03-23 12:27:34,0.52,335.4,0.47,342.42,0.51,327.06
2026-03-23 12:37:34,0.5,327.87,0.5,297.8,0.52,346.82
2026-03-23 12:47:34,0.51,337.71,0.49,355.66,0.51,314.39
2026-03-23 12:57:34,0.47,309.1,0.47,374.17,0.53,355.53
2026-03-23 13:07:34,0.5,321.67,0.52,309.63,0.51,305.61
2026-03-23 13:17:34,0.47,332.26,0.52,343.82,0.51,378.39
2026-03-23 13:27:34,0.52,356.07,0.52,349.65,0.51,295.52
2026-03-23 13:37:34,0.52,314.62,0.53,294.18,0.52,289.85
2026-03-23 13:47:34,0.52,339.8,0.49,336.35,0.47,341.72
2026-03-23 13:57:34,0.53,376.41,0.49,341.15,0.48,384.28
2026-03-23 14:07:34,0.5,317.64,0.51,292.16,0.51,351.58
2026-03-23 14:17:34,0.47,378.81,0.51,297.51,0.48,340.28
2026-03-23 14:27:34,0.5,379.99,0.51,388.71,0.52,387.78
2026-03-23 14:37:34,0.52,328.19,0.49,334.81,0.47,320.32
2026-03-23 14:47:34,0.52,388.35,0.49,356.7,0.48,320.91
2026-03-23 14:57:34,0.49,354.49,0.5,313.88,0.52,378.35
2026-03-23 15:07:34,0.47,367.41,0.52,396.61,0.48,357.19
2026-03-23 15:17:34,0.52,357.47,0.49,322.14,0.47,380.81
2026-03-23 15:27:34,0.48,387.26,0.48,351.34,0.49,325.2
2026-03-23 15:37:34,0.52,343.37,0.5,383.98,0.52,341.9
2026-03-23 15:47:34,0.53,351.35,0.49,316.85,0.53,334.88
2026-03-23 15:57:34,0.49,354.64,0.47,354.49,0.53,407.67
2026-03-23 16:07:34,0.46,389.59,0.47,362.29,0.51,398.52
2026-03-23 16:17:34,0.48,382.9,0.51,362.21,0.51,374.23
2026-03-23 16:27:34,0.5,397.52,0.52,354.97,0.51,376.03
2026-03-23 16:37:34,0.48,392.26,0.51,395.58,0.48,372.32
2026-03-23 16:47:34,0.48,381.36,0.49,404.76,0.48,331.15
2026-03-23 16:57:34,0.49,339.38,0.51,376.33,0.48,390.88
2026-03-23 17:07:34,0.51,382.76,0.48,329.32,0.49,419.82
2026-03-23 17:17:34,0.47,371.48,0.5,405.23,0.51,396.91
2026-03-23 17:27:34,0.49,386.26,0.5,337.46,0.5,379.24
2026-03-23 17:37:34,0.48,421.2,0.51,423.13,0.5,342.06
2026-03-23 17:47:34,0.47,414.54,0.5,416.78,0.49,416.72
2026-03-23 17:57:34,0.5,364.81,0.46,371.29,0.48,360.45
2026-03-23 18:07:34,0.46,350.62,0.5,412.96,0.47,409.14
2026-03-23 18:17:34,0.47,353.71,0.51,404.39,0.46,382.92
2026-03-23 18:27:34,0.45,383.2,0.46,382.88,0.5,403.97
2026-03-23 18:37:34,0.48,354.36,0.48,387.85,0.48,367.19
2026-03-23 18:47:34,0.47,427.38,0.51,365.88,0.51,440.77
2026-03-23 18:57:34,0.5,433.91,0.5,393.94,0.51,379.66
2026-03-23 19:07:34,0.5,410.92,0.5,413.33,0.49,433.03
2026-03-23 19:17:34,0.5,403.43,0.49,441.85,0.48,441.75
2026-03-23 19:27:34,0.47,389.07,0.45,353.6,0.5,360.74
2026-03-23 19:37:34,0.48,425.7,0.49,374.69,0.48,450.51
2026-03-23 19:47:34,0.5,404.57,0.5,363.1,0.49,424.27
2026-03-23 19:57:34,0.48,360.63,0.49,426.72,0.46,444.24
2026-03-23 20:07:34,0.49,411.64,0.46,459.86,0.45,414.65
2026-03-23 20:17:34,0.49,400.84,0.49,365.1,0.47,436.26
2026-03-23 20:27:34,0.47,435.5,0.46,379.73,0.49,387.96
2026-03-23 20:37:34,0.44,415.42,0.46,413.16,0.46,462.21
2026-03-23 20:47:34,0.49,462.82,0.46,414.79,0.45,399.27
2026-03-23 20:57:34,0.45,418.11,0.49,442.25,0.48,466.27
2026-03-23 21:07:34,0.49,427.4,0.46,393.32,0.45,430.65
2026-03-23 21:17:34,0.47,396.0,0.47,446.76,0.46,393.85
2026-03-23 21:27:34,0.46,405.82,0.46,442.81,0.45,460.85
2026-03-23 21:37:34,0.45,446.31,0.45,387.0,0.48,402.71
2026-03-23 21:47:34,0.46,403.75,0.46,398.07,0.44,436.44
2026-03-23 21:57:34,0.48,410.36,0.47,406.85,0.48,435.76
2026-03-23 22:07:34,0.46,448.3,0.46,486.69,0.44,465.08
2026-03-23 22:17:34,0.45,486.7,0.45,394.73,0.49,420.96
2026-03-23 22:27:34,0.45,476.51,0.46,469.33,0.49,434.5
2026-03-23 22:37:34,0.49,413.28,0.48,475.37,0.46,455.21
2026-03-23 22:47:34,0.45,445.14,0.44,470.59,0.49,472.03
2026-03-23 22:57:34,0.48,484.03,0.47,480.0,0.46,452.86
2026-03-23 23:07:34,0.48,443.43,0.49,482.86,0.44,462.83
2026-03-23 23:17:34,0.44,502.79,0.46,503.16,0.5,412.02
2026-03-23 23:27:34,0.44,494.85,0.45,463.82,0.49,484.82
2026-03-23 23:37:34,0.46,426.27,0.5,482.6,0.44,420.28
2026-03-23 23:47:34,0.47,417.43,0.49,427.18,0.46,473.88
2026-03-23 23:57:34,0.45,436.1,0.47,500.58,0.46,505.99
2026-03-24 00:07:34,0.48,489.8,0.5,470.73,0.46,432.44
2026-03-24 00:17:34,0.45,427.6,0.48,501.15,0.5,471.21
2026-03-24 00:27:34,0.48,513.02,0.48,437.12,0.48,478.34
2026-03-24 00:37:34,0.48,447.29,0.49,479.52,0.45,453.61
2026-03-24 00:47:34,0.49,491.01,0.49,511.96,0.46,504.99
2026-03-24 00:57:34,0.47,464.14,0.46,519.07,0.5,508.02
2026-03-24 01:07:34,0.5,454.25,0.5,466.53,0.51,501.73
2026-03-24 01:17:34,0.48,490.97,0.49,471.19,0.51,452.61
2026-03-24 01:27:34,0.5,441.75,0.46,490.69,0.48,513.84
2026-03-24 01:37:34,0.46,499.25,0.46,449.51,0.46,539.37
2026-03-24 01:47:34,0.5,537.11,0.47,533.07,0.47,502.96
2026-03-24 01:57:34,0.46,533.13,0.48,488.36,0.51,517.86
2026-03-24 02:07:34,0.46,501.46,0.49,484.22,0.5,551.59
2026-03-24 02:17:34,0.47,496.4,0.52,550.44,0.52,547.0
2026-03-24 02:27:34,0.48,491.74,0.46,504.68,0.47,516.53
2026-03-24 02:37:34,0.5,519.81,0.46,525.23,0.47,506.05
2026-03-24 02:47:34,0.48,543.65,0.46,552.78,0.46,506.51
2026-03-24 02:57:34,0.47,478.14,0.5,499.74,0.49,495.57
2026-03-24 03:07:34,0.5,507.77,0.5,481.02,0.5,510.28
2026-03-24 03:17:34,0.49,556.66,0.52,533.75,0.51,489.68
2026-03-24 03:27:34,0.48,484.85,0.49,557.24,0.5,563.87
2026-03-24 03:37:34,0.52,546.49,0.48,501.13,0.5,554.58
2026-03-24 03:47:34,0.52,568.39,0.52,499.51,0.49,498.66
2026-03-24 03:57:34,0.48,562.22,0.51,565.18,0.53,576.62
2026-03-24 04:07:34,0.53,518.82,0.49,539.95,0.5,568.75
2026-03-24 04:17:34,0.52,505.09,0.53,526.2,0.49,558.27
2026-03-24 04:27:34,0.49,561.62,0.49,497.2,0.49,565.93
2026-03-24 04:37:34,0.53,552.81,0.54,531.15,0.52,571.11
2026-03-24 04:47:34,0.53,533.92,0.5,580.68,0.54,503.56
2026-03-24 04:57:34,0.51,505.82,0.5,548.31,0.49,598.11
2026-03-24 05:07:34,0.54,584.2,0.52,591.21,0.52,530.63
2026-03-24 05:17:34,0.5,605.78,0.52,584.51,0.55,577.47
2026-03-24 05:27:34,0.54,550.86,0.52,602.32,0.53,579.51
2026-03-24 05:37:34,0.53,534.01,0.52,607.27,0.52,535.48
2026-03-24 05:47:34,0.52,612.63,0.5,562.91,0.53,618.6
2026-03-24 05:57:34,0.51,577.99,0.52,615.64,0.55,606.78
2026-03-24 06:07:34,0.52,607.2,0.52,623.24,0.55,544.85
2026-03-24 06:17:34,0.53,574.25,0.57,599.88,0.53,537.78
2026-03-24 06:27:34,0.54,546.99,0.55,608.55,0.52,567.01
2026-03-24 06:37:34,0.53,547.93,0.55,537.61,0.55,573.65
2026-03-24 06:47:34,0.52,611.65,0.54,562.83,0.58,544.82
2026-03-24 06:57:34,0.52,639.04,0.55,565.63,0.57,608.41
2026-03-24 07:07:34,0.56,558.58,0.55,603.16,0.59,624.95
2026-03-24 07:17:34,0.58,603.62,0.57,632.18,0.59,568.47
2026-03-24 07:27:34,0.57,596.98,0.59,564.52,0.57,590.73
2026-03-24 07:37:34,0.54,641.26,0.55,655.04,0.59,645.15
2026-03-24 07:47:34,0.57,603.35,0.59,603.48,0.55,593.79
2026-03-24 07:57:34,0.57,618.51,0.58,627.68,0.58,632.25
2026-03-24 08:07:34,0.56,581.49,0.6,640.34,0.6,587.16
2026-03-24 08:17:34,0.55,668.12,0.58,646.61,0.58,651.31
2026-03-24 08:27:34,0.59,669.17,0.57,585.01,0.6,621.55
2026-03-24 08:37:34,0.6,596.63,0.58,668.75,0.6,634.63
2026-03-24 08:47:34,0.57,622.5,0.61,675.97,0.57,642.83
2026-03-24 08:57:34,0.58,636.61,0.6,651.49,0.59,674.5
2026-03-24 09:07:34,0.61,652.48,0.6,684.77,0.62,676.3
2026-03-24 09:17:34,0.61,639.09,0.61,682.07,0.6,595.63
2026-03-24 09:27:34,0.58,691.04,0.57,673.62,0.57,686.92
2026-03-24 09:37:34,0.6,655.21,0.59,654.4,0.59,699.73
2026-03-24 09:47:34,0.62,608.45,0.59,663.95,0.59,645.65
2026-03-24 09:57:34,0.63,646.99,0.6,697.94,0.62,625.4
2026-03-24 10:07:34,0.6,638.06,0.6,679.55,0.64,632.26
2026-03-24 10:17:34,0.62,619.81,0.64,670.55,0.58,621.52
2026-03-24 10:27:34,0.59,667.15,0.61,649.1,0.58,644.41
2026-03-24 10:37:34,0.62,666.16,0.63,631.43,0.62,648.63
2026-03-24 10:47:34,0.63,665.19,0.58,706.47,0.61,679.38
2026-03-24 10:57:34,0.59,704.96,0.6,712.26,0.64,676.28
2026-03-24 11:07:34,0.59,645.37,0.59,668.75,0.65,688.33
2026-03-24 11:17:34,0.63,639.34,0.6,685.38,0.62,679.98
2026-03-24 11:27:34,0.63,738.7,0.61,706.16,0.59,682.05
2026-03-24 11:37:34,0.63,652.17,0.61,739.94,0.63,701.47
2026-03-24 11:47:34,0.61,652.81,0.62,735.04,0.65,728.47
2026-03-24 11:57:34,0.65,692.18,0.65,747.81,0.64,666.61
2026-03-24 12:07:34,0.65,744.18,0.62,715.46,0.6,692.89
2026-03-24 12:17:34,0.61,716.8,0.62,730.42,0.64,760.34
2026-03-24 12:27:34,0.66,764.12,0.63,745.62,0.64,734.44
2026-03-24 12:37:34,0.61,683.03,0.65,758.2,0.65,746.07
2026-03-24 12:47:34,0.63,686.26,0.61,688.49,0.61,748.01
2026-03-24 12:57:34,0.64,745.12,0.64,777.18,0.63,768.67
2026-03-24 13:07:34,0.62,704.26,0.63,732.52,0.61,695.38
2026-03-24 13:17:34,0.63,772.08,0.62,750.91,0.64,733.8
2026-03-24 13:27:34,0.61,771.51,0.61,771.74,0.61,710.68
2026-03-24 13:37:34,0.66,764.6,0.61,727.02,0.63,777.86
2026-03-24 13:47:34,0.65,745.32,0.67,752.42,0.64,722.54
2026-03-24 13:57:34,0.66,706.62,0.61,756.56,0.67,728.49
2026-03-24 14:07:34,0.65,709.55,0.62,752.32,0.66,714.04
2026-03-24 14:17:34,0.63,811.06,0.64,744.17,0.62,789.69
2026-03-24 14:27:34,0.65,767.03,0.61,748.88,0.64,782.03
2026-03-24 14:37:34,0.66,818.15,0.65,743.03,0.61,725.31
2026-03-24 14:47:34,0.66,755.02,0.67,775.05,0.61,812.14
2026-03-24 14:57:34,0.65,822.45,0.66,810.9,0.64,804.36
2026-03-24 15:07:34,0.66,747.86,0.66,812.06,0.64,741.74
2026-03-24 15:17:34,0.63,833.85,0.65,827.16,0.63,839.68
2026-03-24 15:27:34,0.65,769.28,0.67,818.45,0.66,804.73
2026-03-24 15:37:34,0.62,836.42,0.67,749.89,0.63,770.52
2026-03-24 15:47:34,0.63,788.7,0.63,842.37,0.66,777.66
2026-03-24 15:57:34,0.66,774.15,0.65,802.19,0.63,834.96
2026-03-24 16:07:34,0.65,859.51,0.63,861.17,0.63,773.99
2026-03-24 16:17:34,0.64,802.85,0.63,821.18,0.61,783.07
2026-03-24 16:27:34,0.66,774.3,0.64,861.49,0.65,791.53
2026-03-24 16:37:34,0.66,873.08,0.64,841.78,0.67,824.86
2026-03-24 16:47:34,0.66,822.4,0.66,846.21,0.65,804.37
2026-03-24 16:57:34,0.67,878.49,0.66,806.66,0.65,850.13
2026-03-24 17:07:34,0.66,835.15,0.66,838.83,0.65,864.63
2026-03-24 17:17:34,0.63,804.96,0.61,818.36,0.63,799.38
2026-03-24 17:27:34,0.61,835.27,0.64,829.79,0.61,849.39
2026-03-24 17:37:34,0.63,879.77,0.62,900.34,0.66,834.99
2026-03-24 17:47:34,0.62,888.0,0.63,822.42,0.64,867.95
2026-03-24 17:57:34,0.62,873.5,0.63,825.5,0.66,886.53
2026-03-24 18:07:34,0.65,880.46,0.64,858.12,0.61,904.03
2026-03-24 18:17:34,0.62,865.14,0.66,846.5,0.63,908.29
2026-03-24 18:27:34,0.62,842.66,0.66,864.83,0.65,922.76
2026-03-24 18:37:34,0.61,920.54,0.65,858.74,0.63,851.49
2026-03-24 18:47:34,0.64,931.52,0.67,857.29,0.62,872.88
2026-03-24 18:57:34,0.65,937.65,0.62,930.82,0.65,868.15
2026-03-24 19:07:34,0.66,911.23,0.64,911.45,0.62,926.24
2026-03-24 19:17:34,0.65,864.78,0.64,871.1,0.61,932.08
2026-03-24 19:27:34,0.66,900.23,0.64,889.99,0.65,904.47
2026-03-24 19:37:34,0.64,916.51,0.62,894.14,0.62,904.63
2026-03-24 19:47:34,0.65,887.54,0.66,886.77,0.67,965.96
2026-03-24 19:57:34,0.66,914.61,0.65,893.6,0.64,960.91
2026-03-24 20:07:34,0.64,914.44,0.63,962.91,0.61,951.59
2026-03-24 20:17:34,0.64,968.98,0.61,918.47,0.62,967.2
2026-03-24 20:27:34,0.64,925.89,0.62,958.71,0.63,971.72
2026-03-24 20:37:34,0.62,979.19,0.64,950.32,0.65,950.03
2026-03-24 20:47:34,0.62,988.2,0.63,997.83,0.62,944.18
2026-03-24 20:57:34,0.61,978.2,0.64,908.86,0.66,959.26
2026-03-24 21:07:34,0.62,927.33,0.64,996.03,0.63,932.38
2026-03-24 21:17:34,0.64,962.22,0.65,1012.7,0.64,920.29
2026-03-24 21:27:34,0.65,974.44,0.64,1006.9,0.62,1002.82
2026-03-24 21:37:34,0.62,1011.38,0.61,932.6,0.62,997.01
2026-03-24 21:47:34,0.62,1008.57,0.66,1002.1,0.66,961.77
2026-03-24 21:57:34,0.63,942.85,0.64,994.13,0.67,988.98
2026-03-24 22:07:34,0.66,1027.91,0.63,982.29,0.65,943.66
2026-03-24 22:17:34,0.63,1034.71,0.67,969.4,0.63,1021.65
2026-03-24 22:27:34,0.63,1053.24,0.66,1010.78,0.61,1037.84
2026-03-24 22:37:34,0.61,1053.12,0.67,1034.26,0.66,1006.93
2026-03-24 22:47:34,0.62,1021.38,0.63,1055.12,0.66,1041.26
2026-03-24 22:57:34,0.62,976.87,0.63,998.06,0.66,977.23
2026-03-24 23:07:34,0.62,1004.66,0.62,1014.98,0.65,997.53
2026-03-24 23:17:34,0.61,1065.8,0.66,988.75,0.62,1075.98
2026-03-24 23:27:34,0.67,996.45,0.63,1032.53,0.66,994.55
2026-03-24 23:37:34,0.67,1064.28,0.64,1062.65,0.62,1010.21
2026-03-24 23:47:34,0.66,1094.53,0.65,1072.49,0.66,1079.83
2026-03-24 23:57:34,0.66,1057.73,0.65,1009.0,0.66,1055.85
2026-03-25 00:07:34,0.62,1027.77,0.66,1097.83,0.67,1082.73
2026-03-25 00:17:34,0.65,1023.21,0.65,1050.94,0.62,1030.82
2026-03-25 00:27:34,0.65,1115.49,0.64,1028.35,0.64,1031.14
2026-03-25 00:37:34,0.65,1108.14,0.66,1077.12,0.67,1060.3
2026-03-25 00:47:34,0.65,1111.7,0.67,1121.15,0.65,1085.11
2026-03-25 00:57:34,0.64,1065.33,0.64,1124.25,0.66,1094.57
2026-03-25 01:07:34,0.67,1083.45,0.68,1081.57,0.69,1053.21
2026-03-25 01:17:34,0.65,1066.73,0.68,1058.26,0.67,1113.73
2026-03-25 01:27:34,0.67,1097.51,0.66,1073.33,0.64,1125.22
2026-03-25 01:37:34,0.67,1160.78,0.67,1120.21,0.67,1105.57
2026-03-25 01:47:34,0.69,1070.3,0.64,1114.28,0.68,1154.18
2026-03-25 01:57:34,0.68,1150.84,0.69,1171.26,0.67,1124.71
2026-03-25 02:07:34,0.69,1098.89,0.69,1133.45,0.67,1091.26
2026-03-25 02:17:34,0.65,1153.8,0.7,1103.0,0.7,1109.66
2026-03-25 02:27:34,0.7,1145.17,0.68,1109.19,0.68,1159.41
2026-03-25 02:37:34,0.68,1165.18,0.67,1164.47,0.65,1108.65
2026-03-25 02:47:34,0.66,1159.48,0.65,1138.18,0.67,1183.14
2026-03-25 02:57:34,0.71,1130.6,0.7,1124.26,0.71,1139.85
2026-03-25 03:07:34,0.69,1197.48,0.72,1181.0,0.7,1161.6
2026-03-25 03:17:34,0.68,1223.78,0.68,1196.64,0.7,1185.35
2026-03-25 03:27:34,0.68,1179.65,0.67,1150.53,0.69,1161.95
2026-03-25 03:37:34,0.67,1228.04,0.7,1151.1,0.72,1206.53
2026-03-25 03:47:34,0.7,1165.52,0.72,1221.58,0.7,1170.58
2026-03-25 03:57:34,0.7,1160.64,0.68,1174.73,0.7,1158.64
2026-03-25 04:07:34,0.7,1187.88,0.69,1200.0,0.72,1211.97
2026-03-25 04:17:34,0.72,1247.43,0.73,1224.25,0.69,1200.76
2026-03-25 04:27:34,0.72,1221.45,0.7,1247.13,0.71,1221.44
2026-03-25 04:37:34,0.72,1271.57,0.73,1195.58,0.69,1203.12
2026-03-25 04:47:34,0.69,1216.74,0.74,1213.74,0.71,1204.85
2026-03-25 04:57:34,0.7,1252.79,0.75,1230.39,0.71,1202.84
2026-03-25 05:07:34,0.71,1283.93,0.73,1232.2,0.74,1284.81
2026-03-25 05:17:34,0.73,1293.35,0.71,1223.57,0.75,1211.26
2026-03-25 05:27:34,0.74,1221.76,0.76,1221.03,0.71,1281.41
2026-03-25 05:37:34,0.73,1257.86,0.71,1262.95,0.71,1220.64
2026-03-25 05:47:34,0.74,1291.53,0.71,1247.07,0.73,1250.17
2026-03-25 05:57:34,0.73,1243.86,0.76,1312.08,0.74,1320.87
2026-03-25 06:07:34,0.73,1319.91,0.77,1277.11,0.73,1279.92
2026-03-25 06:17:34,0.78,1241.7,0.76,1285.49,0.74,1254.34
2026-03-25 06:27:34,0.73,1267.33,0.76,1333.89,0.77,1249.67
2026-03-25 06:37:34,0.74,1336.29,0.78,1277.53,0.78,1272.2
2026-03-25 06:47:34,0.78,1335.01,0.75,1315.85,0.78,1277.91
2026-03-25 06:57:34,0.77,1335.74,0.77,1317.56,0.78,1290.86
2026-03-25 07:07:34,0.8,1362.15,0.77,1311.45,0.77,1297.29
2026-03-25 07:17:34,0.79,1308.74,0.78,1297.47,0.76,1309.9
2026-03-25 07:27:34,0.78,1377.24,0.8,1364.5,0.79,1293.09
2026-03-25 07:37:34,0.76,1372.94,0.76,1329.12,0.8,1371.27
2026-03-25 07:47:34,0.75,1303.71,0.77,1384.64,0.79,1334.73
2026-03-25 07:57:34,0.77,1328.97,0.79,1383.63,0.79,1329.64
2026-03-25 08:07:34,0.82,1414.33,0.8,1377.51,0.78,1317.7
2026-03-25 08:17:34,0.79,1352.18,0.8,1354.97,0.8,1359.74
2026-03-25 08:27:34,0.82,1361.95,0.78,1382.86,0.82,1350.61
2026-03-25 08:37:34,0.8,1427.78,0.78,1402.27,0.78,1416.0
2026-03-25 08:47:34,0.78,1366.19,0.78,1349.13,0.79,1365.61
2026-03-25 08:57:34,0.83,1390.77,0.8,1401.92,0.83,1447.48
2026-03-25 09:07:34,0.82,1431.03,0.84,1386.08,0.79,1460.22
2026-03-25 09:17:34,0.83,1372.58,0.83,1426.76,0.8,1408.2
2026-03-25 09:27:34,0.8,1459.41,0.8,1470.91,0.8,1455.49
2026-03-25 09:37:34,0.81,1439.0,0.79,1470.72,0.83,1473.55
2026-03-25 09:47:34,0.83,1422.18,0.84,1415.61,0.84,1413.97
2026-03-25 09:57:34,0.83,1456.45,0.82,1452.6,0.85,1486.32
2026-03-25 10:07:34,0.83,1427.43,0.84,1466.83,0.83,1444.42
2026-03-25 10:17:34,0.84,1445.85,0.86,1462.09,0.81,1461.68
2026-03-25 10:27:34,0.81,1491.29,0.86,1477.2,0.81,1439.26
2026-03-25 10:37:34,0.82,1474.61,0.84,1488.7,0.86,1432.2
2026-03-25 10:47:34,0.86,1480.25,0.86,1514.12,0.84,1493.62
2026-03-25 10:57:34,0.86,1515.7,0.85,1455.07,0.86,1497.57
2026-03-25 11:07:34,0.83,1541.68,0.84,1498.8,0.86,1514.82
2026-03-25 11:17:34,0.87,1513.11,0.82,1542.87,0.88,1485.9
2026-03-25 11:27:34,0.83,1535.74,0.86,1522.41,0.86,1553.21
2026-03-25 11:37:34,0.85,1488.59,0.86,1570.82,0.87,1554.29
2026-03-25 11:47:34,0.86,1516.99,0.83,1503.29,0.86,1511.78
2026-03-25 11:57:34,0.86,1555.16,0.89,1501.67,0.88,1549.28
2026-03-25 12:07:34,0.84,1591.94,0.86,1535.46,0.87,1524.75
2026-03-25 12:17:34,0.89,1576.1,0.85,1568.65,0.87,1581.12
2026-03-25 12:27:34,0.89,1590.39,0.89,1514.49,0.88,1524.52
2026-03-25 12:37:34,0.86,1567.23,0.85,1522.86,0.84,1529.72
2026-03-25 12:47:34,0.9,1534.14,0.89,1606.51,0.86,1623.35
2026-03-25 12:57:34,0.89,1620.76,0.85,1621.57,0.89,1593.34
2026-03-25 13:07:34,0.85,1626.23,0.85,1553.86,0.89,1586.11
2026-03-25 13:17:34,0.89,1590.51,0.87,1638.68,0.85,1610.41
2026-03-25 13:27:34,0.9,1620.92,0.87,1596.54,0.87,1612.71
2026-03-25 13:37:34,0.89,1571.32,0.89,1631.04,0.88,1638.93
2026-03-25 13:47:34,0.87,1642.29,0.86,1661.61,0.88,1651.8
2026-03-25 13:57:34,0.86,1658.21,0.91,1585.53,0.88,1669.51
2026-03-25 14:07:34,0.87,1647.32,0.91,1604.47,0.9,1638.36
2026-03-25 14:17:34,0.88,1616.38,0.87,1624.85,0.86,1647.87
2026-03-25 14:27:34,0.88,1679.13,0.9,1645.71,0.88,1644.0
2026-03-25 14:37:34,0.9,1678.12,0.86,1617.18,0.89,1688.54
2026-03-25 14:47:34,0.87,1629.23,0.89,1713.38,0.89,1698.62
2026-03-25 14:57:34,0.92,1667.66,0.89,1709.61,0.91,1707.47
2026-03-25 15:07:34,0.89,1660.47,0.86,1677.78,0.89,1696.2
2026-03-25 15:17:34,0.87,1719.25,0.88,1684.52,0.91,1657.54
2026-03-25 15:27:34,0.88,1709.93,0.87,1678.42,0.89,1705.81
2026-03-25 15:37:34,0.92,1737.15,0.91,1699.11,0.89,1689.44
2026-03-25 15:47:34,0.87,1699.85,0.9,1731.24,0.87,1724.45
2026-03-25 15:57:34,0.92,1688.32,0.9,1719.43,0.9,1692.28
2026-03-25 16:07:34,0.91,1765.24,0.91,1704.96,0.88,1739.38
2026-03-25 16:17:34,0.89,1707.09,0.92,1769.31,0.86,1784.7
2026-03-25 16:27:34,0.9,1763.23,0.89,1801.58,0.89,1790.79
2026-03-25 16:37:34,0.91,1766.57,0.91,1759.87,0.88,1766.68
2026-03-25 16:47:34,0.91,1749.03,0.9,1739.72,0.9,1749.24
2026-03-25 16:57:34,0.91,1810.53,0.88,1734.43,0.89,1821.17
2026-03-25 17:07:34,0.91,1779.18,0.89,1756.64,0.88,1792.79
2026-03-25 17:17:34,0.89,1847.68,0.93,1773.51,0.89,1825.79
2026-03-25 17:27:34,0.91,1771.79,0.87,1809.19,0.91,1777.73
2026-03-25 17:37:34,0.91,1810.29,0.92,1803.74,0.91,1806.51
2026-03-25 17:47:34,0.9,1803.31,0.89,1851.71,0.89,1829.47
2026-03-25 17:57:34,0.93,1797.61,0.89,1786.3,0.89,1807.7
2026-03-25 18:07:34,0.87,1808.76,0.88,1826.48,0.89,1814.42
2026-03-25 18:17:34,0.91,1833.11,0.92,1810.28,0.92,1882.67
2026-03-25 18:27:34,0.91,1875.65,0.92,1889.79,0.89,1846.87
2026-03-25 18:37:34,0.88,1907.74,0.88,1892.94,0.91,1909.31
2026-03-25 18:47:34,0.88,1842.98,0.9,1921.97,0.92,1855.0
2026-03-25 18:57:34,0.92,1884.53,0.89,1915.62,0.91,1869.5
2026-03-25 19:07:34,0.91,1947.28,0.9,1922.49,0.93,1897.85
2026-03-25 19:17:34,0.92,1945.08,0.88,1876.08,0.89,1876.18
2026-03-25 19:27:34,0.93,1900.64,0.9,1871.13,0.92,1938.33
2026-03-25 19:37:34,0.9,1930.03,0.9,1897.6,0.9,1974.66
2026-03-25 19:47:34,0.9,1921.97,0.9,1901.92,0.9,1978.12
2026-03-25 19:57:34,0.94,1937.64,0.93,1922.89,0.89,1952.87
2026-03-25 20:07:34,0.9,1922.52,0.9,1940.11,0.91,1918.88
2026-03-25 20:17:34,0.93,1937.62,0.9,2003.23,0.9,2006.56
2026-03-25 20:27:34,0.94,2011.9,0.9,1981.18,0.93,1938.45
2026-03-25 20:37:34,0.91,2013.37,0.9,1940.53,0.89,1984.38
2026-03-25 20:47:34,0.9,1969.4,0.94,2022.74,0.93,1979.29
2026-03-25 20:57:34,0.93,2038.15,0.89,2014.74,0.91,1996.09
2026-03-25 21:07:34,0.89,2003.77,0.93,1964.96,0.92,1961.7
2026-03-25 21:17:34,0.93,1989.97,0.89,2054.29,0.92,2048.52
2026-03-25 21:27:34,0.9,2009.33,0.94,2038.93,0.94,2068.1
2026-03-25 21:37:34,0.9,2069.2,0.92,2015.08,0.89,2002.7
2026-03-25 21:47:34,0.9,2044.75,0.95,2093.86,0.9,2096.85
2026-03-25 21:57:34,0.93,2054.55,0.91,2059.3,0.91,2041.06
2026-03-25 22:07:34,0.94,2100.98,0.92,2051.08,0.91,2021.02
2026-03-25 22:17:34,0.89,2101.09,0.94,2096.49,0.94,2062.3
2026-03-25 22:27:34,0.9,2086.54,0.92,2113.38,0.9,2066.42
2026-03-25 22:37:34,0.91,2125.94,0.93,2056.83,0.91,2125.66
2026-03-25 22:47:34,0.93,2131.68,0.91,2136.03,0.91,2154.54
2026-03-25 22:57:34,0.92,2126.42,0.94,2133.73,0.96,2104.41
2026-03-25 23:07:34,0.91,2131.76,0.95,2102.78,0.95,2148.55
2026-03-25 23:17:34,0.94,2157.68,0.95,2142.07,0.94,2154.16
2026-03-25 23:27:34,0.91,2153.69,0.92,2194.24,0.96,2143.0
2026-03-25 23:37:34,0.92,2193.53,0.92,2134.27,0.95,2119.17
2026-03-25 23:47:34,0.92,2127.2,0.91,2169.79,0.94,2191.33
2026-03-25 23:57:34,0.92,2212.54,0.94,2152.9,0.96,2129.28
2026-03-26 00:07:34,0.95,2201.44,0.95,2225.8,0.91,2202.3
2026-03-26 00:17:34,0.96,2184.19,0.95,2215.82,0.97,2201.64
2026-03-26 00:27:34,0.94,2252.18,0.93,2241.04,0.95,2239.66
2026-03-26 00:37:34,0.93,2233.54,0.96,2229.53,0.94,2247.0
2026-03-26 00:47:34,0.97,2211.34,0.93,2244.26,0.98,2178.04
2026-03-26 00:57:34,0.98,2260.31,0.97,2236.77,0.97,2218.65
2026-03-26 01:07:34,0.96,2255.82,0.94,2202.65,0.95,2257.47
2026-03-26 01:17:34,0.98,2232.82,0.95,2283.76,0.95,2217.19
2026-03-26 01:27:34,0.94,2229.78,0.98,2288.25,0.94,2297.33
2026-03-26 01:37:34,0.99,2238.95,0.97,2288.09,0.94,2302.42
2026-03-26 01:47:34,0.94,2296.77,1.0,2296.38,0.96,2321.01
2026-03-26 01:57:34,0.96,2309.71,0.98,2306.87,0.95,2302.22
2026-03-26 02:07:34,0.95,2315.95,1.0,2284.97,0.96,2301.87
2026-03-26 02:17:34,0.98,2292.74,0.98,2320.74,0.98,2345.42
2026-03-26 02:27:34,1.01,2353.74,0.95,2302.24,0.99,2312.88
2026-03-26 02:37:34,0.99,2375.26,0.98,2326.03,1.01,2295.46
2026-03-26 02:47:34,1.01,2340.21,0.98,2335.57,1.0,2335.34
2026-03-26 02:57:34,1.0,2407.28,0.97,2354.72,0.97,2390.25
2026-03-26 03:07:34,0.99,2404.62,1.0,2344.57,1.01,2384.34
2026-03-26 03:17:34,0.99,2414.68,1.02,2412.84,0.98,2425.76
2026-03-26 03:27:34,0.98,2368.98,0.99,2393.83,0.99,2350.11
2026-03-26 03:37:34,1.0,2396.93,1.03,2385.0,0.98,2364.13
2026-03-26 03:47:34,1.04,2394.08,1.03,2445.23,1.01,2366.18
2026-03-26 03:57:34,1.0,2387.52,0.99,2435.19,1.01,2453.1
2026-03-26 04:07:34,1.03,2450.21,1.0,2457.01,1.05,2434.71
2026-03-26 04:17:34,1.03,2405.88,1.01,2467.63,1.03,2478.66
2026-03-26 04:27:34,1.03,2464.52,1.04,2470.1,1.0,2414.84
2026-03-26 04:37:34,1.01,2439.77,1.05,2488.93,1.05,2471.26
2026-03-26 04:47:34,1.03,2505.14,1.03,2506.85,1.0,2490.01
2026-03-26 04:57:34,1.06,2469.68,1.03,2446.48,1.02,2494.69
2026-03-26 05:07:34,1.05,2535.36,1.04,2495.37,1.06,2473.62
2026-03-26 05:17:34,1.04,2485.41,1.08,2563.24,1.04,2493.69
2026-03-26 05:27:34,1.05,2510.34,1.07,2571.77,1.05,2498.9
2026-03-26 05:37:34,1.03,2569.14,1.07,2499.71,1.05,2498.14
2026-03-26 05:47:34,1.09,2521.39,1.04,2499.05,1.05,2551.46
2026-03-26 05:57:34,1.06,2579.26,1.07,2526.77,1.05,2603.63
2026-03-26 06:07:34,1.05,2530.07,1.1,2543.28,1.06,2594.56
2026-03-26 06:17:34,1.06,2543.42,1.07,2589.15,1.05,2596.97
2026-03-26 06:27:34,1.06,2561.26,1.08,2542.86,1.11,2562.23
2026-03-26 06:37:34,1.06,2619.27,1.06,2627.17,1.07,2556.41
2026-03-26 06:47:34,1.06,2616.3,1.07,2600.67,1.09,2602.3
2026-03-26 06:57:34,1.11,2648.88,1.1,2589.0,1.08,2675.77
2026-03-26 07:07:34,1.07,2653.68,1.13,2600.39,1.11,2623.2
2026-03-26 07:17:34,1.11,2655.58,1.12,2605.44,1.11,2640.57
2026-03-26 07:27:34,1.1,2629.02,1.1,2694.35,1.12,2661.52
2026-03-26 07:37:34,1.12,2681.49,1.09,2675.75,1.12,2626.03
2026-03-26 07:47:34,1.1,2663.38,1.12,2716.17,1.1,2695.44
2026-03-26 07:57:34,1.1,2724.39,1.09,2702.34,1.11,2672.49
2026-03-26 08:07:34,1.1,2668.63,1.1,2727.7,1.11,2698.0
2026-03-26 08:17:34,1.11,2738.12,1.11,2723.95,1.13,2731.7
2026-03-26 08:27:34,1.13,2752.32,1.13,2730.99,1.11,2711.62
2026-03-26 08:37:34,1.11,2779.11,1.15,2772.06,1.12,2695.05
2026-03-26 08:47:34,1.15,2752.83,1.11,2787.1,1.11,2742.03
2026-03-26 08:57:34,1.14,2739.78,1.17,2778.05,1.16,2720.82
2026-03-26 09:07:34,1.14,2757.92,1.18,2766.32,1.13,2800.08
2026-03-26 09:17:34,1.18,2834.2,1.14,2786.81,1.14,2768.37
2026-03-26 09:27:34,1.18,2830.95,1.18,2830.26,1.18,2812.64
2026-03-26 09:37:34,1.15,2862.84,1.19,2862.47,1.19,2802.65
2026-03-26 09:47:34,1.18,2781.17,1.14,2836.13,1.16,2823.01
2026-03-26 09:57:34,1.19,2811.81,1.16,2873.01,1.19,2805.69
2026-03-26 10:07:34,1.16,2821.5,1.16,2858.34,1.17,2833.95
2026-03-26 10:17:34,1.2,2822.68,1.17,2837.72,1.2,2907.26
2026-03-26 10:27:34,1.17,2851.02,1.18,2900.39,1.2,2848.93
2026-03-26 10:37:34,1.18,2884.13,1.17,2926.96,1.19,2865.19
2026-03-26 10:47:34,1.19,2940.94,1.18,2932.29,1.2,2932.1
2026-03-26 10:57:34,1.19,2874.1,1.16,2878.14,1.18,2896.54
2026-03-26 11:07:34,1.18,2953.18,1.21,2936.82,1.21,2879.73
2026-03-26 11:17:34,1.21,2891.14,1.2,2950.62,1.17,2945.0
2026-03-26 11:27:34,1.19,2969.26,1.17,2997.66,1.2,2933.06
2026-03-26 11:37:34,1.23,2966.13,1.21,2977.25,1.18,2985.27
2026-03-26 11:47:34,1.19,2932.43,1.21,3022.57,1.2,2983.83
2026-03-26 11:57:34,1.21,2975.78,1.19,2973.32,1.19,2977.5
2026-03-26 12:07:34,1.22,2988.88,1.22,3028.81,1.24,2994.54
2026-03-26 12:17:34,1.24,2982.21,1.24,3022.28,1.23,3033.15
2026-03-26 12:27:34,1.25,3017.68,1.22,2994.25,1.2,3051.83
2026-03-26 12:37:34,1.21,2994.69,1.22,3041.73,1.23,3048.67
2026-03-26 12:47:34,1.22,3034.4,1.2,3016.7,1.23,3034.39
2026-03-26 12:57:34,1.21,3018.12,1.21,3034.16,1.22,3069.01
2026-03-26 13:07:34,1.21,3072.45,1.2,3029.23,1.22,3055.76
2026-03-26 13:17:34,1.22,3041.0,1.25,3091.83,1.21,3134.15
2026-03-26 13:27:34,1.26,3105.91,1.24,3097.9,1.22,3071.91
2026-03-26 13:37:34,1.21,3089.69,1.23,3123.67,1.21,3108.32
2026-03-26 13:47:34,1.25,3089.28,1.27,3157.57,1.24,3152.36
2026-03-26 13:57:34,1.27,3115.39,1.27,3165.44,1.26,3144.6
2026-03-26 14:07:34,1.23,3146.78,1.26,3140.64,1.23,3128.26
2026-03-26 14:17:34,1.24,3137.84,1.26,3127.05,1.23,3189.9
2026-03-26 14:27:34,1.26,3140.88,1.24,3133.8,1.23,3182.87
2026-03-26 14:37:34,1.24,3169.3,1.25,3203.87,1.23,3185.86
2026-03-26 14:47:34,1.28,3238.14,1.25,3240.96,1.26,3216.44
2026-03-26 14:57:34,1.26,3191.56,1.25,3188.91,1.25,3196.15
2026-03-26 15:07:34,1.24,3277.38,1.26,3204.68,1.24,3283.06
2026-03-26 15:17:34,1.25,3208.18,1.26,3210.7,1.26,3226.21
2026-03-26 15:27:34,1.29,3290.64,1.25,3308.91,1.25,3217.58
2026-03-26 15:37:34,1.28,3248.96,1.27,3278.49,1.28,3286.94
2026-03-26 15:47:34,1.24,3265.09,1.27,3296.14,1.25,3241.31
2026-03-26 15:57:34,1.25,3265.86,1.26,3297.96,1.24,3313.9
2026-03-26 16:07:34,1.24,3280.82,1.27,3266.61,1.25,3324.45
2026-03-26 16:17:34,1.26,3282.86,1.29,3370.58,1.26,3287.21
2026-03-26 16:27:34,1.29,3391.42,1.3,3378.13,1.25,3391.49
2026-03-26 16:37:34,1.29,3379.96,1.28,3379.35,1.29,3332.4
2026-03-26 16:47:34,1.26,3409.18,1.3,3359.93,1.26,3369.25
2026-03-26 16:57:34,1.28,3341.44,1.28,3341.72,1.29,3383.34
2026-03-26 17:07:34,1.3,3427.44,1.28,3388.29,1.25,3377.76
2026-03-26 17:17:34,1.27,3436.41,1.28,3366.6,1.28,3384.61
2026-03-26 17:27:34,1.29,3470.48,1.26,3462.31,1.31,3386.21
2026-03-26 17:37:34,1.26,3418.21,1.27,3460.41,1.3,3414.27
2026-03-26 17:47:34,1.26,3482.4,1.28,3500.34,1.3,3473.13
2026-03-26 17:57:34,1.3,3477.15,1.26,3442.42,1.3,3428.69
2026-03-26 18:07:34,1.29,3505.84,1.26,3488.0,1.27,3519.74
2026-03-26 18:17:34,1.29,3485.42,1.31,3457.72,1.29,3451.91
2026-03-26 18:27:34,1.32,3519.5,1.3,3494.46,1.32,3477.14
2026-03-26 18:37:34,1.27,3538.43,1.28,3564.81,1.3,3485.69
2026-03-26 18:47:34,1.31,3575.32,1.28,3548.41,1.28,3541.51
2026-03-26 18:57:34,1.27,3577.57,1.29,3556.74,1.28,3527.83
2026-03-26 19:07:34,1.3,3589.66,1.31,3580.76,1.29,3551.91
2026-03-26 19:17:34,1.32,3538.34,1.31,3600.49,1.28,3570.54
2026-03-26 19:27:34,1.29,3548.63,1.28,3637.36,1.28,3606.0
2026-03-26 19:37:34,1.3,3591.75,1.31,3566.45,1.31,3561.55
2026-03-26 19:47:34,1.31,3627.18,1.32,3666.45,1.33,3605.37
2026-03-26 19:57:34,1.33,3646.21,1.32,3615.13,1.34,3644.46
2026-03-26 20:07:34,1.28,3637.37,1.29,3687.68,1.3,3652.79
2026-03-26 20:17:34,1.32,3713.04,1.29,3639.67,1.33,3692.15
2026-03-26 20:27:34,1.31,3699.35,1.32,3718.75,1.33,3674.0
2026-03-26 20:37:34,1.33,3717.2,1.29,3696.49,1.34,3681.31
2026-03-26 20:47:34,1.32,3726.19,1.31,3718.17,1.3,3679.31
2026-03-26 20:57:34,1.33,3729.05,1.34,3732.94,1.33,3698.32
2026-03-26 21:07:34,1.33,3734.08,1.31,3783.82,1.34,3707.2
2026-03-26 21:17:34,1.3,3757.18,1.29,3724.81,1.3,3743.41
2026-03-26 21:27:34,1.3,3802.33,1.35,3780.88,1.31,3765.69
2026-03-26 21:37:34,1.34,3783.12,1.35,3779.46,1.32,3816.91
2026-03-26 21:47:34,1.33,3786.87,1.32,3752.57,1.32,3798.53
2026-03-26 21:57:34,1.3,3778.9,1.31,3828.98,1.32,3840.57
2026-03-26 22:07:34,1.35,3849.63,1.32,3789.09,1.31,3805.81
2026-03-26 22:17:34,1.31,3810.83,1.31,3812.09,1.33,3818.31
2026-03-26 22:27:34,1.36,3850.8,1.31,3829.06,1.35,3833.9
2026-03-26 22:37:34,1.36,3842.31,1.34,3844.52,1.36,3844.02
2026-03-26 22:47:34,1.32,3866.39,1.35,3863.72,1.33,3855.98
2026-03-26 22:57:34,1.36,3930.29,1.33,3885.05,1.33,3901.01
2026-03-26 23:07:34,1.34,3967.04,1.33,3893.18,1.35,3970.37
2026-03-26 23:17:34,1.32,3968.21,1.36,3932.62,1.34,3942.28
2026-03-26 23:27:34,1.36,3943.47,1.36,3943.89,1.33,3951.1
2026-03-26 23:37:34,1.37,3930.69,1.32,3986.55,1.37,3978.74
2026-03-26 23:47:34,1.33,3985.62,1.36,3982.75,1.35,3965.44
2026-03-26 23:57:34,1.37,4018.87,1.36,3976.21,1.36,3991.02
2026-03-27 00:07:34,1.36,4027.92,1.37,4045.74,1.39,3981.91
2026-03-27 00:17:34,1.38,3992.95,1.39,4029.43,1.35,4029.28
2026-03-27 00:27:34,1.38,4039.51,1.39,4055.97,1.39,4027.11
2026-03-27 00:37:34,1.37,4066.42,1.37,4032.65,1.38,4046.35
2026-03-27 00:47:34,1.4,4043.62,1.35,4079.49,1.4,4110.39
2026-03-27 00:57:34,1.35,4093.19,1.37,4075.56,1.37,4092.79
2026-03-27 01:07:34,1.4,4145.1,1.41,4065.66,1.41,4130.25
2026-03-27 01:17:34,1.36,4154.44,1.39,4157.14,1.38,4173.16
2026-03-27 01:27:34,1.42,4112.12,1.38,4091.82,1.42,4132.21
2026-03-27 01:37:34,1.41,4171.47,1.38,4154.44,1.41,4167.52
2026-03-27 01:47:34,1.37,4169.93,1.4,4207.61,1.41,4138.91
2026-03-27 01:57:34,1.38,4231.5,1.37,4228.88,1.39,4172.71
2026-03-27 02:07:34,1.42,4227.08,1.41,4194.8,1.42,4249.72
2026-03-27 02:17:34,1.44,4231.34,1.42,4175.13,1.42,4210.25
2026-03-27 02:27:34,1.39,4206.31,1.4,4245.93,1.41,4212.73
2026-03-27 02:37:34,1.4,4216.47,1.42,4237.27,1.4,4250.35
2026-03-27 02:47:34,1.44,4232.26,1.43,4317.4,1.41,4289.1
2026-03-27 02:57:34,1.44,4302.91,1.41,4310.69,1.42,4284.27
2026-03-27 03:07:34,1.45,4333.49,1.42,4337.6,1.44,4253.63
2026-03-27 03:17:34,1.43,4270.49,1.41,4300.28,1.46,4367.02
2026-03-27 03:27:34,1.47,4307.99,1.43,4345.75,1.45,4363.58
2026-03-27 03:37:34,1.43,4358.43,1.45,4378.93,1.44,4390.56
2026-03-27 03:47:34,1.45,4382.73,1.46,4373.81,1.45,4322.14
2026-03-27 03:57:34,1.47,4408.69,1.46,4400.38,1.46,4418.91
2026-03-27 04:07:34,1.47,4407.73,1.44,4395.63,1.44,4375.44
2026-03-27 04:17:34,1.46,4428.0,1.46,4426.42,1.47,4410.31
2026-03-27 04:27:34,1.48,4405.98,1.49,4451.56,1.5,4438.08
2026-03-27 04:37:34,1.48,4475.45,1.45,4478.1,1.5,4425.05
2026-03-27 04:47:34,1.48,4420.9,1.47,4494.41,1.45,4428.25
2026-03-27 04:57:34,1.48,4529.95,1.51,4519.74,1.49,4493.1
2026-03-27 05:07:34,1.52,4527.42,1.49,4479.24,1.47,4527.34
2026-03-27 05:17:34,1.47,4532.79,1.5,4494.16,1.52,4505.84
2026-03-27 05:27:34,1.52,4540.12,1.53,4507.09,1.53,4506.46
2026-03-27 05:37:34,1.51,4514.2,1.49,4522.07,1.48,4548.45
2026-03-27 05:47:34,1.53,4587.25,1.5,4519.31,1.53,4616.0
2026-03-27 05:57:34,1.54,4602.46,1.5,4582.45,1.54,4544.66
2026-03-27 06:07:34,1.52,4633.23,1.53,4574.89,1.54,4618.54
2026-03-27 06:17:34,1.51,4613.65,1.55,4626.07,1.55,4601.19
2026-03-27 06:27:34,1.53,4633.98,1.57,4603.64,1.56,4682.62
2026-03-27 06:37:34,1.52,4633.6,1.56,4635.58,1.55,4664.67
2026-03-27 06:47:34,1.52,4630.43,1.56,4632.48,1.55,4656.81
2026-03-27 06:57:34,1.56,4737.47,1.53,4668.25,1.56,4726.74
2026-03-27 07:07:34,1.55,4678.43,1.58,4713.4,1.54,4688.01
2026-03-27 07:17:34,1.56,4703.57,1.55,4680.24,1.55,4729.76
2026-03-27 07:27:34,1.57,4727.14,1.54,4721.6,1.56,4747.85
2026-03-27 07:37:34,1.55,4740.43,1.6,4763.86,1.55,4803.99
2026-03-27 07:47:34,1.6,4795.14,1.57,4782.0,1.6,4758.31
2026-03-27 07:57:34,1.56,4785.87,1.55,4819.32,1.61,4808.95
2026-03-27 08:07:34,1.6,4857.03,1.57,4797.95,1.61,4778.09
2026-03-27 08:17:34,1.61,4844.95,1.6,4823.38,1.59,4860.16
2026-03-27 08:27:34,1.61,4817.01,1.57,4830.61,1.58,4852.46
2026-03-27 08:37:34,1.62,4892.94,1.6,4817.88,1.59,4851.36
2026-03-27 08:47:34,1.6,4861.94,1.6,4846.43,1.6,4869.58
2026-03-27 08:57:34,1.6,4850.57,1.61,4918.49,1.59,4938.56
2026-03-27 09:07:34,1.63,4914.24,1.6,4904.41,1.64,4919.74
2026-03-27 09:17:34,1.64,4973.71,1.62,4955.45,1.65,4936.0
2026-03-27 09:27:34,1.65,4922.86,1.63,4993.52,1.63,4909.29
2026-03-27 09:37:34,1.66,4962.68,1.62,4965.77,1.61,4944.69
2026-03-27 09:47:34,1.62,5007.03,1.61,5019.84,1.62,5038.09
2026-03-27 09:57:34,1.63,4960.83,1.62,5001.7,1.65,5050.37
2026-03-27 10:07:34,1.62,5074.17,1.65,4991.31,1.67,5068.59
2026-03-27 10:17:34,1.64,5037.49,1.64,5073.53,1.67,5062.97
2026-03-27 10:27:34,1.69,5045.76,1.67,5037.21,1.64,5038.77
2026-03-27 10:37:34,1.67,5068.49,1.69,5052.52,1.68,5094.94
2026-03-27 10:47:34,1.64,5056.07,1.64,5105.08,1.64,5068.63
2026-03-27 10:57:34,1.65,5124.58,1.66,5130.78,1.67,5144.93
2026-03-27 11:07:34,1.69,5137.85,1.67,5135.23,1.67,5166.98
2026-03-27 11:17:34,1.66,5104.83,1.7,5188.31,1.7,5204.0
2026-03-27 11:27:34,1.66,5204.38,1.68,5176.28,1.67,5144.24
2026-03-27 11:37:34,1.69,5183.66,1.69,5218.87,1.71,5218.47
2026-03-27 11:47:34,1.7,5196.77,1.69,5195.06,1.68,5190.72
2026-03-27 11:57:34,1.72,5267.72,1.69,5227.42,1.68,5272.88
2026-03-27 12:07:34,1.71,5212.9,1.73,5280.26,1.69,5214.79
2026-03-27 12:17:34,1.69,5248.61,1.69,5315.32,1.69,5255.82
2026-03-27 12:27:34,1.71,5299.29,1.71,5254.32,1.73,5291.46
2026-03-27 12:37:34,1.7,5334.15,1.69,5286.94,1.71,5306.69
2026-03-27 12:47:34,1.74,5302.52,1.72,5367.01,1.71,5346.07
2026-03-27 12:57:34,1.72,5370.83,1.71,5343.07,1.75,5327.56
2026-03-27 13:07:34,1.76,5333.82,1.74,5380.04,1.71,5354.41
2026-03-27 13:17:34,1.73,5379.87,1.71,5425.46,1.76,5344.38
2026-03-27 13:27:34,1.71,5367.26,1.75,5369.99,1.73,5436.47
2026-03-27 13:37:34,1.77,5466.3,1.73,5415.58,1.76,5415.82
2026-03-27 13:47:34,1.76,5401.02,1.73,5480.28,1.75,5475.37
2026-03-27 13:57:34,1.76,5496.24,1.74,5501.37,1.74,5440.27
2026-03-27 14:07:34,1.77,5468.27,1.77,5509.33,1.75,5459.97
2026-03-27 14:17:34,1.75,5509.92,1.75,5447.44,1.73,5528.35
2026-03-27 14:27:34,1.76,5473.58,1.78,5517.71,1.76,5466.16
2026-03-27 14:37:34,1.78,5520.61,1.78,5557.46,1.78,5488.92
2026-03-27 14:47:34,1.76,5532.4,1.79,5589.43,1.74,5509.75
2026-03-27 14:57:34,1.76,5563.66,1.78,5575.25,1.79,5565.94
2026-03-27 15:07:34,1.8,5628.02,1.74,5552.87,1.79,5628.38
2026-03-27 15:17:34,1.75,5635.3,1.75,5577.97,1.79,5643.58
2026-03-27 15:27:34,1.76,5634.51,1.79,5678.14,1.76,5599.22
2026-03-27 15:37:34,1.78,5616.53,1.75,5662.74,1.77,5664.21
2026-03-27 15:47:34,1.79,5705.15,1.77,5703.74,1.8,5656.43
2026-03-27 15:57:34,1.76,5663.51,1.79,5728.69,1.78,5660.66
2026-03-27 16:07:34,1.76,5731.59,1.76,5707.34,1.79,5667.97
2026-03-27 16:17:34,1.77,5759.96,1.79,5750.35,1.79,5684.19
2026-03-27 16:27:34,1.76,5718.94,1.8,5724.96,1.77,5775.69
2026-03-27 16:37:34,1.78,5806.49,1.78,5733.14,1.8,5805.56
2026-03-27 16:47:34,1.82,5789.58,1.78,5741.26,1.79,5760.79
2026-03-27 16:57:34,1.81,5813.74,1.78,5848.53,1.79,5824.62
2026-03-27 17:07:34,1.78,5787.67,1.8,5843.98,1.78,5813.83
2026-03-27 17:17:34,1.78,5821.3,1.82,5838.61,1.79,5816.9
2026-03-27 17:27:34,1.81,5874.91,1.83,5878.83,1.78,5918.14
2026-03-27 17:37:34,1.83,5864.58,1.84,5911.78,1.81,5861.08
2026-03-27 17:47:34,1.81,5950.06,1.84,5935.5,1.8,5895.59
2026-03-27 17:57:34,1.84,5919.69,1.82,5923.09,1.84,5914.02
2026-03-27 18:07:34,1.81,5911.84,1.83,5909.96,1.8,5933.19
2026-03-27 18:17:34,1.81,5926.0,1.8,6014.74,1.84,5984.04
2026-03-27 18:27:34,1.81,6005.89,1.81,5951.31,1.85,6043.4
2026-03-27 18:37:34,1.84,6001.17,1.84,6048.3,1.79,6021.46
2026-03-27 18:47:34,1.85,5998.88,1.83,6006.72,1.85,5993.24
2026-03-27 18:57:34,1.81,6033.77,1.82,6053.86,1.81,6030.62
2026-03-27 19:07:34,1.84,6090.25,1.83,6071.38,1.81,6116.38
2026-03-27 19:17:34,1.83,6064.43,1.82,6141.08,1.81,6141.34
2026-03-27 19:27:34,1.86,6099.63,1.81,6115.93,1.81,6150.96
2026-03-27 19:37:34,1.87,6101.58,1.85,6153.03,1.86,6139.76
2026-03-27 19:47:34,1.82,6114.94,1.85,6172.07,1.83,6208.88
2026-03-27 19:57:34,1.87,6162.51,1.86,6200.53,1.85,6135.63
2026-03-27 20:07:34,1.86,6191.84,1.83,6224.86,1.85,6199.25
2026-03-27 20:17:34,1.85,6204.5,1.83,6244.56,1.87,6231.29
2026-03-27 20:27:34,1.87,6281.85,1.87,6275.47,1.85,6202.12
2026-03-27 20:37:34,1.88,6284.95,1.86,6269.4,1.83,6260.04
2026-03-27 20:47:34,1.87,6270.96,1.89,6238.6,1.84,6251.85
2026-03-27 20:57:34,1.88,6324.52,1.89,6289.6,1.89,6338.36
2026-03-27 21:07:34,1.86,6294.72,1.83,6298.58,1.86,6291.41
2026-03-27 21:17:34,1.88,6319.8,1.87,6378.1,1.89,6385.92
2026-03-27 21:27:34,1.85,6350.04,1.87,6419.69,1.89,6347.06
2026-03-27 21:37:34,1.9,6361.3,1.88,6406.3,1.84,6355.78
2026-03-27 21:47:34,1.9,6447.73,1.89,6380.18,1.87,6414.87
2026-03-27 21:57:34,1.9,6394.25,1.88,6402.23,1.87,6434.63
2026-03-27 22:07:34,1.89,6450.1,1.9,6492.93,1.88,6440.34
2026-03-27 22:17:34,1.9,6496.01,1.86,6516.27,1.9,6483.96
2026-03-27 22:27:34,1.9,6466.93,1.91,6451.26,1.88,6462.08
2026-03-27 22:37:34,1.91,6501.41,1.87,6489.56,1.92,6484.41
2026-03-27 22:47:34,1.89,6551.19,1.9,6505.78,1.91,6577.39
2026-03-27 22:57:34,1.92,6565.38,1.88,6521.58,1.91,6543.96
2026-03-27 23:07:34,1.89,6580.88,1.9,6546.13,1.88,6602.67
2026-03-27 23:17:34,1.93,6648.72,1.9,6648.98,1.9,6596.67
2026-03-27 23:27:34,1.92,6655.6,1.9,6628.54,1.92,6599.71
2026-03-27 23:37:34,1.89,6614.08,1.94,6700.93,1.92,6659.09
2026-03-27 23:47:34,1.93,6705.27,1.91,6709.64,1.94,6646.91
2026-03-27 23:57:34,1.92,6670.31,1.93,6714.57,1.91,6684.45
2026-03-28 00:07:34,1.94,6701.37,1.94,6707.61,1.9,6723.35
2026-03-28 00:17:34,1.96,6748.23,1.93,6718.93,1.9,6778.46
2026-03-28 00:27:34,1.94,6777.06,1.92,6723.85,1.97,6785.88
2026-03-28 00:37:34,1.95,6742.68,1.94,6784.27,1.96,6818.98
2026-03-28 00:47:34,1.97,6796.55,1.95,6846.89,1.95,6768.01
2026-03-28 00:57:34,1.94,6807.51,1.94,6852.64,1.93,6782.78
2026-03-28 01:07:34,1.97,6833.23,1.93,6903.69,1.96,6885.67
2026-03-28 01:17:34,1.97,6926.87,1.98,6901.35,1.97,6921.16
2026-03-28 01:27:34,1.97,6877.98,1.97,6930.0,1.94,6863.47
2026-03-28 01:37:34,1.99,6926.95,2.0,6888.04,1.95,6922.82
2026-03-28 01:47:34,1.96,6899.4,1.95,6960.62,1.95,6965.98
2026-03-28 01:57:34,1.95,7009.96,2.0,6962.81,1.97,6921.76
2026-03-28 02:07:34,1.98,7026.12,2.0,6944.01,1.98,7005.16
2026-03-28 02:17:34,1.96,6986.67,1.98,7047.68,2.01,7009.42
2026-03-28 02:27:34,1.98,7027.62,1.97,7068.58,2.01,7031.9
2026-03-28 02:37:34,1.97,7072.89,1.99,7035.26,1.98,7022.04
2026-03-28 02:47:34,2.03,7097.86,2.03,7109.5,2.02,7113.73
2026-03-28 02:57:34,2.03,7146.62,2.03,7061.29,1.98,7129.13
2026-03-28 03:07:34,2.01,7154.01,2.01,7089.24,2.0,7098.31
2026-03-28 03:17:34,2.03,7201.8,2.05,7139.65,2.01,7180.55
2026-03-28 03:27:34,2.01,7134.28,2.04,7157.11,2.03,7168.14
2026-03-28 03:37:34,2.04,7204.87,2.03,7175.61,2.03,7161.25
2026-03-28 03:47:34,2.02,7243.03,2.06,7261.32,2.03,7196.0
2026-03-28 03:57:34,2.06,7205.62,2.06,7196.41,2.02,7213.19
2026-03-28 04:07:34,2.07,7288.96,2.07,7273.05,2.07,7269.5
2026-03-28 04:17:34,2.03,7305.27,2.05,7307.35,2.04,7261.53
2026-03-28 04:27:34,2.07,7288.91,2.07,7301.46,2.06,7352.58
2026-03-28 04:37:34,2.08,7335.04,2.07,7323.33,2.07,7327.56
2026-03-28 04:47:34,2.05,7335.44,2.07,7364.15,2.08,7386.51
2026-03-28 04:57:34,2.07,7361.36,2.11,7391.17,2.09,7397.59
2026-03-28 05:07:34,2.1,7409.75,2.11,7410.32,2.12,7452.66
2026-03-28 05:17:34,2.11,7452.57,2.11,7389.98,2.13,7466.38
2026-03-28 05:27:34,2.09,7480.93,2.07,7419.38,2.1,7462.77
2026-03-28 05:37:34,2.08,7435.69,2.11,7509.05,2.11,7475.38
2026-03-28 05:47:34,2.11,7493.5,2.11,7537.01,2.09,7489.56
2026-03-28 05:57:34,2.12,7552.04,2.11,7545.12,2.1,7568.27
2026-03-28 06:07:34,2.11,7505.06,2.11,7600.24,2.14,7518.54
2026-03-28 06:17:34,2.15,7598.84,2.15,7602.48,2.16,7544.36
2026-03-28 06:27:34,2.16,7586.34,2.14,7619.48,2.13,7601.93
2026-03-28 06:37:34,2.13,7601.08,2.12,7652.79,2.14,7652.9
2026-03-28 06:47:34,2.18,7660.8,2.13,7601.45,2.17,7669.89
2026-03-28 06:57:34,2.15,7673.84,2.14,7633.28,2.13,7668.43
2026-03-28 07:07:34,2.17,7745.41,2.15,7684.02,2.14,7731.1
2026-03-28 07:17:34,2.18,7675.24,2.2,7744.09,2.15,7771.23
2026-03-28 07:27:34,2.19,7746.41,2.15,7721.62,2.2,7754.36
2026-03-28 07:37:34,2.17,7805.23,2.21,7733.88,2.16,7751.14
2026-03-28 07:47:34,2.17,7817.22,2.18,7843.7,2.22,7844.21
2026-03-28 07:57:34,2.17,7772.64,2.17,7827.63,2.2,7839.57
2026-03-28 08:07:34,2.22,7829.55,2.22,7802.52,2.23,7859.65
2026-03-28 08:17:34,2.23,7881.78,2.19,7828.06,2.19,7914.55
2026-03-28 08:27:34,2.23,7932.04,2.2,7884.79,2.25,7923.54
2026-03-28 08:37:34,2.25,7930.98,2.2,7954.64,2.2,7946.43
2026-03-28 08:47:34,2.24,7909.55,2.24,7963.65,2.23,7946.12
2026-03-28 08:57:34,2.23,7985.91,2.24,8012.17,2.23,8007.26
2026-03-28 09:07:34,2.22,8029.62,2.27,7958.15,2.23,7975.72
2026-03-28 09:17:34,2.28,7984.46,2.24,8061.57,2.24,8033.4
2026-03-28 09:27:34,2.24,8077.32,2.27,8092.06,2.25,8052.93
2026-03-28 09:37:34,2.29,8081.62,2.27,8067.14,2.26,8055.63
2026-03-28 09:47:34,2.26,8135.97,2.25,8079.64,2.24,8084.04
2026-03-28 09:57:34,2.27,8131.48,2.28,8109.68,2.26,8094.88
2026-03-28 10:07:34,2.28,8176.13,2.28,8170.35,2.29,8156.32
2026-03-28 10:17:34,2.3,8144.3,2.26,8127.95,2.28,8190.27
2026-03-28 10:27:34,2.28,8201.61,2.27,8216.13,2.32,8170.95
2026-03-28 10:37:34,2.32,8189.08,2.32,8248.66,2.28,8231.75
2026-03-28 10:47:34,2.32,8298.55,2.29,8219.78,2.29,8251.5
2026-03-28 10:57:34,2.31,8226.91,2.31,8235.09,2.32,8250.84
2026-03-28 11:07:34,2.29,8284.76,2.29,8302.15,2.3,8333.78
2026-03-28 11:17:34,2.31,8296.32,2.32,8359.19,2.34,8308.55
2026-03-28 11:27:34,2.35,8366.74,2.31,8351.05,2.31,8366.92
2026-03-28 11:37:34,2.32,8358.6,2.32,8331.06,2.31,8424.93
2026-03-28 11:47:34,2.36,8362.51,2.33,8412.91,2.31,8399.73
2026-03-28 11:57:34,2.33,8405.95,2.36,8452.05,2.37,8391.6
2026-03-28 12:07:34,2.32,8465.75,2.34,8472.61,2.36,8455.25
2026-03-28 12:17:34,2.33,8480.08,2.36,8464.89,2.37,8485.42
2026-03-28 12:27:34,2.36,8539.49,2.36,8506.27,2.36,8537.7
2026-03-28 12:37:34,2.34,8494.07,2.34,8580.92,2.36,8500.51
2026-03-28 12:47:34,2.34,8562.73,2.36,8594.79,2.35,8558.44
2026-03-28 12:57:34,2.37,8615.53,2.4,8599.47,2.39,8629.06
2026-03-28 13:07:34,2.36,8593.89,2.4,8581.31,2.39,8629.78
2026-03-28 13:17:34,2.39,8603.01,2.39,8636.65,2.4,8648.02
2026-03-28 13:27:34,2.37,8624.82,2.41,8634.61,2.36,8636.69
2026-03-28 13:37:34,2.41,8683.48,2.41,8741.25,2.41,8648.98
2026-03-28 13:47:34,2.37,8681.88,2.42,8735.43,2.38,8729.32
2026-03-28 13:57:34,2.41,8753.45,2.4,8779.57,2.4,8696.72
2026-03-28 14:07:34,2.38,8808.41,2.42,8767.31,2.41,8738.98
2026-03-28 14:17:34,2.42,8782.28,2.39,8754.57,2.38,8823.78
2026-03-28 14:27:34,2.42,8799.81,2.44,8833.9,2.41,8823.1
2026-03-28 14:37:34,2.42,8854.28,2.39,8809.58,2.41,8833.26
2026-03-28 14:47:34,2.41,8881.95,2.41,8840.26,2.42,8834.7
2026-03-28 14:57:34,2.4,8938.62,2.41,8913.53,2.44,8901.49
2026-03-28 15:07:34,2.4,8886.34,2.4,8900.14,2.4,8935.46
2026-03-28 15:17:34,2.42,8972.04,2.42,8999.97,2.41,8941.05
2026-03-28 15:27:34,2.43,8984.22,2.45,8940.24,2.43,9007.4
2026-03-28 15:37:34,2.41,9037.75,2.42,9055.63,2.43,9045.64
2026-03-28 15:47:34,2.43,9004.52,2.43,8999.33,2.47,9004.19
2026-03-28 15:57:34,2.43,9045.9,2.44,9093.87,2.46,9065.48
2026-03-28 16:07:34,2.42,9114.02,2.43,9122.71,2.46,9142.72
2026-03-28 16:17:34,2.44,9084.64,2.46,9172.84,2.44,9130.45
2026-03-28 16:27:34,2.48,9112.46,2.48,9106.96,2.45,9154.64
2026-03-28 16:37:34,2.44,9227.61,2.49,9225.19,2.44,9212.89
2026-03-28 16:47:34,2.49,9228.33,2.5,9174.83,2.5,9186.32
2026-03-28 16:57:34,2.5,9276.21,2.49,9209.41,2.48,9241.51
2026-03-28 17:07:34,2.45,9268.2,2.49,9278.63,2.49,9264.51
2026-03-28 17:17:34,2.46,9248.28,2.49,9246.45,2.46,9328.15
2026-03-28 17:27:34,2.48,9346.97,2.45,9362.91,2.49,9287.13
2026-03-28 17:37:34,2.47,9360.63,2.49,9334.5,2.49,9303.68
2026-03-28 17:47:34,2.52,9391.67,2.49,9337.53,2.48,9387.62
2026-03-28 17:57:34,2.48,9383.22,2.5,9427.12,2.52,9352.08
2026-03-28 18:07:34,2.49,9402.76,2.49,9448.85,2.5,9471.47
2026-03-28 18:17:34,2.49,9489.84,2.5,9435.02,2.52,9479.76
2026-03-28 18:27:34,2.51,9477.84,2.48,9440.47,2.51,9452.75
2026-03-28 18:37:34,2.53,9474.41,2.51,9490.75,2.52,9491.96
2026-03-28 18:47:34,2.51,9583.41,2.49,9550.73,2.52,9556.41
2026-03-28 18:57:34,2.52,9563.04,2.53,9548.48,2.51,9571.37
2026-03-28 19:07:34,2.52,9575.23,2.51,9548.82,2.5,9644.94
2026-03-28 19:17:34,2.53,9656.38,2.52,9674.17,2.54,9656.61
2026-03-28 19:27:34,2.53,9635.99,2.54,9666.06,2.51,9622.18
2026-03-28 19:37:34,2.55,9633.32,2.51,9662.01,2.54,9681.17
2026-03-28 19:47:34,2.53,9701.44,2.55,9692.75,2.52,9734.3
2026-03-28 19:57:34,2.53,9775.57,2.55,9746.55,2.54,9733.61
2026-03-28 20:07:34,2.51,9733.69,2.51,9782.12,2.56,9773.45
2026-03-28 20:17:34,2.52,9843.93,2.54,9781.2,2.56,9841.9
2026-03-28 20:27:34,2.54,9817.26,2.56,9796.46,2.57,9867.48
2026-03-28 20:37:34,2.53,9832.02,2.56,9826.55,2.55,9887.88
2026-03-28 20:47:34,2.55,9918.93,2.58,9903.72,2.56,9900.04
2026-03-28 20:57:34,2.58,9874.87,2.55,9882.14,2.59,9959.84
2026-03-28 21:07:34,2.57,9922.81,2.55,9990.46,2.55,9962.36
2026-03-28 21:17:34,2.56,10015.35,2.54,9941.04,2.57,9989.91
